{
  "project_info": {
    "project_number": "397586475418",
    "firebase_url": "https://chatapp-2172a.firebaseio.com",
    "project_id": "chatapp-2172a",
    "storage_bucket": "chatapp-2172a.appspot.com"
  },
  "client": [
    {
      "client_info": {
        "mobilesdk_app_id": "1:397586475418:android:08e834109610faa1",
        "android_client_info": {
          "package_name": "com.example.samarth.chatapp"
        }
      },
      "oauth_client": [
        {
          "client_id": "397586475418-ee9gnj5f2uetmm7mrqs0ls8tt375m4ed.apps.googleusercontent.com",
          "client_type": 1,
          "android_info": {
            "package_name": "com.example.samarth.chatapp",
            "certificate_hash": "acd93596e503289eb59bab88d7e1d92902a514ee"
          }
        },
        {
          "client_id": "397586475418-jfhdi53597516ekhb668f589ispa9lva.apps.googleusercontent.com",
          "client_type": 3
        }
      ],
      "api_key": [
        {
          "current_key": "AIzaSyAAUGTlH9XasLco7QqZz6FCgOduhAUwYEc"
        }
      ],
      "services": {
        "analytics_service": {
          "status": 1
        },
        "appinvite_service": {
          "status": 2,
          "other_platform_oauth_client": [
            {
              "client_id": "397586475418-jfhdi53597516ekhb668f589ispa9lva.apps.googleusercontent.com",
              "client_type": 3
            }
          ]
        },
        "ads_service": {
          "status": 2
        }
      }
    }
  ],
  "configuration_version": "1"
}